{
  "cameras": [
    {
      "cam_id": 0,
      "extrinsics": {
        "R": [
          0.9972251653671265,
          0.07287553697824478,
          0.015204180963337421,
          0.07287554442882538,
          -0.9139174222946167,
          -0.39930468797683716,
          -0.015204181894659996,
          0.39930471777915955,
          -0.9166921377182007
        ],
        "cam_id": 0,
        "t": [
          -0.09608574211597443,
          0.48979926109313965,
          0.6350024938583374
        ]
      },
      "reprojection_error": 0.0,
      "success": true
    },
    {
      "cam_id": 1,
      "extrinsics": {
        "R": [
          -0.31885719299316406,
          -0.4191664159297943,
          0.8500761985778809,
          -0.0395316481590271,
          -0.8902294635772705,
          -0.4537937641143799,
          0.946977972984314,
          -0.17830020189285278,
          0.2672857642173767
        ],
        "cam_id": 1,
        "t": [
          -0.6256126761436462,
          0.4947323501110077,
          -0.2500636577606201
        ]
      },
      "reprojection_error": 0.0,
      "success": true
    },
    {
      "cam_id": 2,
      "extrinsics": {
        "R": [
          -0.9662556648254395,
          0.09925396740436554,
          -0.23769499361515045,
          0.010335884988307953,
          -0.9070981740951538,
          -0.42079225182533264,
          -0.2573779821395874,
          -0.4090496301651001,
          0.8754627108573914
        ],
        "cam_id": 2,
        "t": [
          0.10038453340530396,
          0.4917382597923279,
          -0.8176813125610352
        ]
      },
      "reprojection_error": 0.0,
      "success": true
    },
    {
      "cam_id": 3,
      "extrinsics": {
        "R": [
          0.64607173204422,
          0.3684816360473633,
          -0.668440580368042,
          0.04091176390647888,
          -0.8912102580070496,
          -0.45174193382263184,
          -0.7621795535087585,
          0.2645106315612793,
          -0.5908608436584473
        ],
        "cam_id": 3,
        "t": [
          0.6213138699531555,
          0.5101522207260132,
          0.43274274468421936
        ]
      },
      "reprojection_error": 0.0,
      "success": true
    }
  ],
  "frames_used": 1,
  "mean_reprojection_error": 0.0,
  "success": true
}